# STATION: QBHA3,,,,,,,,,,,,
# STATION NAME: BLACK HILLS,,,,,,,,,,,,
# LATITUDE: 33.082030,,,,,,,,,,,,
# LONGITUDE: -109.951190,,,,,,,,,,,,
# ELEVATION [ft]: 3352,,,,,,,,,,,,
# STATE: AZ,,,,,,,,,,,,
Station_ID,Date_Time,snow_interval_set_1,air_temp_set_1,relative_humidity_set_1,wind_speed_set_1,wind_direction_set_1,wind_gust_set_1,solar_radiation_set_1,precip_accum_set_1,fuel_temp_set_1,fuel_moisture_set_1,dew_point_temperature_set_1d
,,Inches,Fahrenheit,%,Miles/hour,Degrees,Miles/hour,W/m**2,Inches,Fahrenheit,gm,Fahrenheit
QBHA3,03/01/2004 11:30 MST,,55,31,5.99,150,10,773,0.59,64.99,,24.73
QBHA3,03/01/2004 12:30 MST,,55.99,25,4.99,160,11.01,801,0.59,66.99,,20.48
QBHA3,03/01/2004 13:30 MST,,60.01,22,4,140,12.01,767,0.59,70,,20.9
QBHA3,03/01/2004 14:30 MST,,60.01,20,3,200,13,696,0.59,72,,18.68
QBHA3,03/01/2004 15:30 MST,,60.01,20,2.01,130,10,590,0.59,66.99,,18.68
QBHA3,03/01/2004 16:30 MST,,59,22,2.01,300,13,190,0.59,59,,20.05
QBHA3,03/01/2004 17:30 MST,,57,24,4,310,13,40,0.59,55.99,,20.39
QBHA3,03/01/2004 18:30 MST,,55,27,4,310,7,0,0.59,52,,21.44
QBHA3,03/01/2004 19:30 MST,,51.01,31,0,270,7,0,0.59,48,,21.22
QBHA3,03/01/2004 20:30 MST,,50,33,0,270,4.99,0,0.59,48,,21.81
""
QBHA3,03/01/2004 22:30 MST,,46,42,0,140,4,0,0.59,43,,23.99
QBHA3,03/01/2004 23:30 MST,,46.99,44,0,170,3,0,0.59,43,,26.01
QBHA3,03/02/2004 00:30 MST,,46.99,45,3,140,4,0,0.59,43,,26.56
QBHA3,03/02/2004 01:30 MST,,46,46,0,110,5.99,0,0.59,43,,26.19
QBHA3,03/02/2004 02:30 MST,,44.01,46,0,150,0,0,0.59,43,,24.36
QBHA3,03/02/2004 03:30 MST,,45,44,4,150,4,0,0.59,43,,24.2
QBHA3,03/02/2004 04:30 MST,,46,45,4,120,4.99,0,0.59,45,,25.65
QBHA3,03/02/2004 05:30 MST,,44.01,48,2.01,150,5.99,0,0.59,45,,25.39
QBHA3,03/02/2004 06:30 MST,,46,54,4,50,10,0,0.59,45,,30.12
QBHA3,03/02/2004 07:30 MST,,46,56,4.99,30,14,14,0.59,44.01,,31.02
QBHA3,03/02/2004 08:30 MST,,46.99,55,0,70,12.01,24,0.59,46,,31.5
QBHA3,03/02/2004 09:30 MST,,51.01,45,0,70,11.01,201,0.59,52,,30.23
QBHA3,03/02/2004 10:30 MST,,52,47,4,240,8.01,366,0.59,57.99,,32.22
QBHA3,03/02/2004 11:30 MST,,55.99,40,2.01,220,10,269,0.59,61,,31.84
QBHA3,03/02/2004 12:30 MST,,55.99,35,10,120,8.99,692,0.59,64.99,,28.54
QBHA3,03/02/2004 13:30 MST,,59,25,11.01,130,18.01,818,0.59,70,,23.06
QBHA3,03/02/2004 14:30 MST,,63,21,10,140,24,695,0.59,70,,22.33
QBHA3,03/02/2004 15:30 MST,,62.01,19,11.01,130,24.99,528,0.59,69.01,,19.15
QBHA3,03/02/2004 16:30 MST,,61,20,8.99,160,22.01,112,0.59,61,,19.51
QBHA3,03/02/2004 17:30 MST,,59,23,4.99,180,15.99,45,0.59,55.99,,21.09
QBHA3,03/02/2004 18:30 MST,,57,27,4.99,160,17,0,0.59,54,,23.17
QBHA3,03/02/2004 19:30 MST,,55,32,1.01,320,14,0,0.59,53.01,,25.49
""
""
QBHA3,03/02/2004 22:30 MST,,46.99,43,0,130,8.99,0,0.59,39,,25.45
QBHA3,03/02/2004 23:30 MST,,46,43,0,90,5.99,0,0.59,42.01,,24.55
""
QBHA3,03/03/2004 01:30 MST,,48.99,39,2.01,110,8.01,0,0.59,46,,24.91
QBHA3,03/03/2004 02:30 MST,,48,41,3,130,5.99,0,0.59,46,,25.22
QBHA3,03/03/2004 03:30 MST,,46.99,46,0,210,7,0,0.59,44.01,,27.09
QBHA3,03/03/2004 04:30 MST,,44.01,49,0,170,4.99,0,0.59,42.01,,25.89
QBHA3,03/03/2004 05:30 MST,,45,50,0,280,4.99,0,0.59,43,,27.3
QBHA3,03/03/2004 06:30 MST,,45,45,0,130,3,0,0.59,42.01,,24.74
QBHA3,03/03/2004 07:30 MST,,46,46,2.01,210,4.99,23,0.59,46,,26.19
QBHA3,03/03/2004 08:30 MST,,52,43,8.99,120,4.99,88,0.59,52,,30.01
QBHA3,03/03/2004 09:30 MST,,55,36,8.01,120,21,182,0.59,57.99,,28.35
QBHA3,03/03/2004 10:30 MST,,55,38,5.99,200,18.01,95,0.59,57,,29.68
QBHA3,03/03/2004 11:30 MST,,61,31,8.01,100,12.01,1017,0.59,73,,29.99
QBHA3,03/03/2004 12:30 MST,,60.01,33,12.01,140,18.01,367,0.59,64,,30.66
QBHA3,03/03/2004 13:30 MST,,60.01,36,8.99,140,24,246,0.59,62.01,,32.82
QBHA3,03/03/2004 14:30 MST,,57.99,44,3,170,17,164,0.59,55,,36.05
QBHA3,03/03/2004 15:30 MST,,59,44,4.99,310,17,243,0.59,62.01,,36.97
""
QBHA3,03/03/2004 17:30 MST,,53.01,57,4.99,320,12.01,65,0.59,53.01,,38.05
QBHA3,03/03/2004 18:30 MST,,53.01,58,5.99,330,11.01,0,0.59,52,,38.5
QBHA3,03/03/2004 19:30 MST,,48.99,65,2.01,330,10,0,0.59,48,,37.62
QBHA3,03/03/2004 20:30 MST,,48.99,69,0,110,7,0,0.59,46,,39.16
""
QBHA3,03/03/2004 22:30 MST,,48.99,72,0,200,4.99,0,0.59,46.99,,40.26
QBHA3,03/03/2004 23:30 MST,,48,73,0,180,4,0,0.59,46.99,,39.67
QBHA3,03/04/2004 00:30 MST,,46,78,0,60,4,0,0.59,46.99,,39.45
QBHA3,03/04/2004 01:30 MST,,48,80,4.99,170,0,0,0.59,46,,42.06
QBHA3,03/04/2004 02:30 MST,,45,95,4,300,8.99,0,0.64,46,,43.64
QBHA3,03/04/2004 03:30 MST,,45,97,0,290,5.99,0,0.72,45,,44.19
QBHA3,03/04/2004 04:30 MST,,44.01,96,1.01,180,8.01,0,0.82,42.01,,42.93
QBHA3,03/04/2004 05:30 MST,,43,90,0,340,4.99,0,0.96,41,,40.23
QBHA3,03/04/2004 06:30 MST,,41,95,1.01,170,5.99,0,1.05,42.01,,39.66
QBHA3,03/04/2004 07:30 MST,,42.01,94,0,60,4.99,12,1.09,42.01,,40.39
QBHA3,03/04/2004 08:30 MST,,42.01,94,2.01,340,3,45,1.13,42.01,,40.39
""
QBHA3,03/04/2004 10:30 MST,,41,93,7,330,11.01,97,1.2,43,,39.11
QBHA3,03/04/2004 11:30 MST,,42.01,90,7,330,11.01,102,1.2,41,,39.25
QBHA3,03/04/2004 12:30 MST,,42.01,88,7,330,14,85,1.21,41,,38.67
""
QBHA3,03/04/2004 14:30 MST,,42.01,84,8.99,340,14.99,103,1.22,43,,37.47
""
QBHA3,03/04/2004 16:30 MST,,43,81,7,340,17,21,1.22,43,,37.5
QBHA3,03/04/2004 17:30 MST,,45,79,2.01,290,13,6,1.22,43,,38.81
QBHA3,03/04/2004 18:30 MST,,42.01,94,1.01,350,10,0,1.26,41,,40.39
QBHA3,03/04/2004 19:30 MST,,42.01,94,0,270,8.01,0,1.28,43,,40.39
QBHA3,03/04/2004 20:30 MST,,42.01,92,0,160,5.99,0,1.28,41,,39.83
QBHA3,03/04/2004 21:30 MST,,45,77,0,170,0,0,1.28,41,,38.14
QBHA3,03/04/2004 22:30 MST,,45,78,0,140,0,0,1.28,41,,38.48
QBHA3,03/04/2004 23:30 MST,,45,79,0,90,0,0,1.28,41,,38.81
QBHA3,03/05/2004 00:30 MST,,44.01,73,0,170,0,0,1.28,41,,35.82
QBHA3,03/05/2004 01:30 MST,,44.01,74,0,160,0,0,1.28,41,,36.16
QBHA3,03/05/2004 02:30 MST,,43,98,0,300,0,0,1.31,41,,42.47
QBHA3,03/05/2004 03:30 MST,,39,89,0,350,0,0,1.43,39.99,,35.99
QBHA3,03/05/2004 04:30 MST,,39,89,0,360,0,0,1.53,37,,35.99
QBHA3,03/05/2004 05:30 MST,,37.99,92,0,330,0,0,1.62,37,,35.84
QBHA3,03/05/2004 06:30 MST,,32,98,0,320,0,0,1.77,33.01,,31.49
QBHA3,03/05/2004 07:30 MST,,32,100,0,330,0,2,1.79,33.01,,32
QBHA3,03/05/2004 08:30 MST,,33.01,99,0,360,0,21,1.9,32,,32.76
""
QBHA3,03/05/2004 10:30 MST,,39,90,0,240,0,225,2.12,42.01,,36.28
QBHA3,03/05/2004 11:30 MST,,39,98,0,320,0,204,2.15,41,,38.48
QBHA3,03/05/2004 12:30 MST,,42.01,87,0,280,0,146,2.15,43,,38.38
QBHA3,03/05/2004 13:30 MST,,44.01,83,0,320,0,210,2.15,44.01,,39.12
QBHA3,03/05/2004 14:30 MST,,48,72,0,300,0,582,2.15,48.99,,39.31
QBHA3,03/05/2004 15:30 MST,,48,63,0,310,0,129,2.15,50,,35.88
QBHA3,03/05/2004 16:30 MST,,51.01,58,0,310,0,371,2.15,54,,36.61
QBHA3,03/05/2004 17:30 MST,,53.01,54,0,300,0,137,2.15,51.01,,36.66
QBHA3,03/05/2004 18:30 MST,,48.99,68,0,240,0,0,2.15,45,,38.78
QBHA3,03/05/2004 19:30 MST,,43,87,0,70,0,0,2.15,37.99,,39.35
QBHA3,03/05/2004 20:30 MST,,41,92,0,130,0,0,2.15,37.99,,38.83
QBHA3,03/05/2004 21:30 MST,,39,93,0,140,0,0,2.15,35.01,,37.12
QBHA3,03/05/2004 22:30 MST,,37,95,0,130,0,0,2.15,34,,35.68
QBHA3,03/05/2004 23:30 MST,,37,99,0,120,0,0,2.15,33.01,,36.74
QBHA3,03/06/2004 00:30 MST,,39.99,98,0,140,0,0,2.15,36,,39.46
QBHA3,03/06/2004 01:30 MST,,37.99,99,0,150,3,0,2.15,34,,37.73
QBHA3,03/06/2004 02:30 MST,,36,100,0,140,3,0,2.15,33.01,,36
QBHA3,03/06/2004 03:30 MST,,34,100,1.01,150,4,0,2.15,33.01,,34
QBHA3,03/06/2004 04:30 MST,,35.01,100,1.01,110,4.99,0,2.15,34,,35.01
QBHA3,03/06/2004 05:30 MST,,34,100,0,150,4,0,2.15,33.01,,34
QBHA3,03/06/2004 06:30 MST,,35.01,100,0,100,4,0,2.15,30.99,,35.01
QBHA3,03/06/2004 07:30 MST,,37,100,0,130,2.01,133,2.15,35.01,,37
QBHA3,03/06/2004 08:30 MST,,51.01,68,0,30,0,335,2.15,48,,40.72
""
""
QBHA3,03/06/2004 11:30 MST,,55,57,3,250,8.01,775,2.15,64.99,,39.92
QBHA3,03/06/2004 12:30 MST,,57,50,3,320,7,804,2.15,68,,38.4
QBHA3,03/06/2004 13:30 MST,,60.01,49,4.99,310,8.99,773,2.15,71.01,,40.66
QBHA3,03/06/2004 14:30 MST,,63,44,2.01,280,11.01,681,2.15,73,,40.62
QBHA3,03/06/2004 15:30 MST,,66,35,1.01,280,8.01,540,2.15,72,,37.44
QBHA3,03/06/2004 16:30 MST,,68,33,0,130,5.99,347,2.15,68,,37.72
QBHA3,03/06/2004 17:30 MST,,66.99,35,0,220,82.99,113,2.15,62.01,,38.32
QBHA3,03/06/2004 18:30 MST,,57,54,0,320,4.99,1,2.15,54,,40.39
QBHA3,03/06/2004 19:30 MST,,51.01,69,0,340,8.01,0,2.15,46.99,,41.1
QBHA3,03/06/2004 20:30 MST,,51.01,75,0,140,3,0,2.15,46,,43.28
QBHA3,03/06/2004 21:30 MST,,50,75,0,90,3,0,2.15,44.01,,42.31
QBHA3,03/06/2004 22:30 MST,,46,78,0,170,4,0,2.15,44.01,,39.45
QBHA3,03/06/2004 23:30 MST,,46.99,81,0,90,4.99,0,2.15,43,,41.4
""
QBHA3,03/07/2004 01:30 MST,,45,86,0,160,0,0,2.15,39,,41.02
QBHA3,03/07/2004 02:30 MST,,46,80,4,150,0,0,2.15,44.01,,40.11
""
QBHA3,03/07/2004 04:30 MST,,42.01,92,0,190,5.99,0,2.15,39,,39.83
QBHA3,03/07/2004 05:30 MST,,43,96,0,160,4.99,0,2.15,37,,41.92
QBHA3,03/07/2004 06:30 MST,,42.01,100,0,170,3,0,2.15,36,,42.01
QBHA3,03/07/2004 07:30 MST,,46,86,0,120,0,141,2.15,43,,42
QBHA3,03/07/2004 08:30 MST,,55.99,59,0,120,3,346,2.15,55,,41.74
""
QBHA3,03/07/2004 10:30 MST,,61,53,3,170,7,155,2.15,68,,43.63
QBHA3,03/07/2004 11:30 MST,,66.99,44,4,170,8.01,785,2.15,73.99,,44.26
QBHA3,03/07/2004 12:30 MST,,71.01,36,8.01,170,11.01,817,2.15,77,,42.63
QBHA3,03/07/2004 13:30 MST,,73,32,10,130,15.99,787,2.15,80.01,,41.34
QBHA3,03/07/2004 14:30 MST,,73.99,30,14,140,18.99,692,2.15,79,,40.54
QBHA3,03/07/2004 15:30 MST,,75,27,12.01,140,20,546,2.15,77,,38.72
QBHA3,03/07/2004 16:30 MST,,75,25,11.01,130,21,382,2.15,75.99,,36.77
QBHA3,03/07/2004 17:30 MST,,73.99,24,8.99,130,22.01,91,2.15,72,,34.88
QBHA3,03/07/2004 18:30 MST,,68,31,4.99,140,18.01,4,2.15,63,,36.13
QBHA3,03/07/2004 19:30 MST,,66,29,5.99,120,11.01,0,2.15,63,,32.71
QBHA3,03/07/2004 20:30 MST,,68,25,5.99,120,12.01,0,2.15,64,,30.77
QBHA3,03/07/2004 21:30 MST,,64.99,26,4.99,120,12.01,0,2.15,62.01,,29.15
QBHA3,03/07/2004 22:30 MST,,64.99,26,4.99,130,11.01,0,2.15,60.01,,29.15
QBHA3,03/07/2004 23:30 MST,,63,28,4.99,140,8.99,0,2.15,57.99,,29.24
QBHA3,03/08/2004 00:30 MST,,60.01,29,4.99,140,8.99,0,2.15,55.99,,27.5
""
QBHA3,03/08/2004 02:30 MST,,60.01,30,7,140,8.01,0,2.15,55,,28.32
QBHA3,03/08/2004 03:30 MST,,57.99,31,7,130,12.01,0,2.15,55.99,,27.35
QBHA3,03/08/2004 04:30 MST,,50,47,0,90,15.99,0,2.15,46,,30.38
QBHA3,03/08/2004 05:30 MST,,48.99,53,0,240,4.99,0,2.15,42.01,,32.44
QBHA3,03/08/2004 06:30 MST,,46,63,0,100,3,0,2.15,41,,33.98
QBHA3,03/08/2004 07:30 MST,,48,61,0,110,0,60,2.15,45,,35.06
QBHA3,03/08/2004 08:30 MST,,57.99,40,2.01,170,0,329,2.15,59,,33.64
QBHA3,03/08/2004 09:30 MST,,63,37,3,150,4.99,581,2.15,66.99,,36.18
QBHA3,03/08/2004 10:30 MST,,66.99,30,4.99,120,11.01,356,2.15,75.99,,34.42
QBHA3,03/08/2004 11:30 MST,,70,28,8.99,120,14,795,2.15,78.01,,35.31
QBHA3,03/08/2004 12:30 MST,,73,25,8.99,140,15.99,827,2.15,81,,35.05
QBHA3,03/08/2004 13:30 MST,,73,24,10,130,17,795,2.15,82,,34.03
QBHA3,03/08/2004 14:30 MST,,77,23,8.99,150,18.01,697,2.15,82.99,,36.37
QBHA3,03/08/2004 15:30 MST,,78.01,22,8.99,160,17,556,2.15,80.01,,36.11
QBHA3,03/08/2004 16:30 MST,,75.99,20,8.01,160,18.01,359,2.15,78.01,,32.04
QBHA3,03/08/2004 17:30 MST,,75,20,5.99,160,14.99,35,2.15,72,,31.21
QBHA3,03/08/2004 18:30 MST,,69.01,25,0,150,11.01,0,2.15,62.01,,31.64
QBHA3,03/08/2004 19:30 MST,,61,36,0,160,8.01,0,2.15,53.01,,33.7
""
QBHA3,03/08/2004 21:30 MST,,59,36,0,140,7,0,2.15,55.99,,31.92
QBHA3,03/08/2004 22:30 MST,,57,39,0,110,5.99,0,2.15,52,,32.12
QBHA3,03/08/2004 23:30 MST,,57,39,0,160,0,0,2.15,50,,32.12
QBHA3,03/09/2004 00:30 MST,,51.01,54,0,160,7,0,2.15,46.99,,34.8
QBHA3,03/09/2004 01:30 MST,,51.01,58,0,170,3,0,2.15,44.01,,36.61
QBHA3,03/09/2004 02:30 MST,,50,56,0,150,3,0,2.15,44.01,,34.77
QBHA3,03/09/2004 03:30 MST,,48,63,0,150,4,0,2.15,41,,35.88
QBHA3,03/09/2004 04:30 MST,,46,63,0,130,0,0,2.15,41,,33.98
QBHA3,03/09/2004 05:30 MST,,46,60,0,170,0,0,2.15,42.01,,32.75
QBHA3,03/09/2004 06:30 MST,,44.01,68,0,100,0,1,2.15,41,,34.01
QBHA3,03/09/2004 07:30 MST,,51.01,60,0,80,3,144,2.15,46.99,,37.48
QBHA3,03/09/2004 08:30 MST,,63,39,0,200,0,360,2.15,63,,37.52
QBHA3,03/09/2004 09:30 MST,,69.01,35,2.01,120,4,562,2.15,71.01,,40.12
QBHA3,03/09/2004 10:30 MST,,70,27,14.99,140,17,598,2.15,75,,34.4
QBHA3,03/09/2004 11:30 MST,,73,24,15.99,130,24,802,2.15,77,,34.03
""
QBHA3,03/09/2004 13:30 MST,,75.99,20,17,130,28.01,801,2.15,82.99,,32.04
QBHA3,03/09/2004 14:30 MST,,80.01,16,14.99,120,27,707,2.15,84.99,,29.89
""
""
QBHA3,03/09/2004 17:30 MST,,77,15,12.01,130,27,30,2.15,75,,25.89
QBHA3,03/09/2004 18:30 MST,,73.99,17,4.99,120,18.99,0,2.15,68,,26.43
QBHA3,03/09/2004 19:30 MST,,71.01,18,5.99,110,14.99,0,2.15,66.99,,25.34
QBHA3,03/09/2004 20:30 MST,,72,17,7,110,14,0,2.15,68,,24.79
""
QBHA3,03/09/2004 22:30 MST,,64.99,22,4.99,150,17,0,2.15,59,,25.11
QBHA3,03/09/2004 23:30 MST,,62.01,24,4.99,140,7,0,2.15,59,,24.66
QBHA3,03/10/2004 00:30 MST,,62.01,24,5.99,150,7,0,2.15,57,,24.66
QBHA3,03/10/2004 01:30 MST,,62.01,24,5.99,150,8.01,0,2.15,59,,24.66
QBHA3,03/10/2004 02:30 MST,,61,24,5.99,140,10,0,2.15,57,,23.8
QBHA3,03/10/2004 03:30 MST,,59,28,3,170,8.99,0,2.15,53.01,,25.77
QBHA3,03/10/2004 04:30 MST,,48.99,44,0,160,8.01,0,2.15,45,,27.84
QBHA3,03/10/2004 05:30 MST,,50,45,0,110,2.01,0,2.15,44.01,,29.31
QBHA3,03/10/2004 06:30 MST,,50,41,0,90,4.99,0,2.15,46,,27.03
QBHA3,03/10/2004 07:30 MST,,55,42,0,120,5.99,139,2.15,51.01,,32.16
QBHA3,03/10/2004 08:30 MST,,62.01,31,4.99,120,4.99,354,2.15,62.01,,30.88
QBHA3,03/10/2004 09:30 MST,,66,29,4.99,160,10,552,2.15,69.01,,32.71
QBHA3,03/10/2004 10:30 MST,,70,27,5.99,150,14,688,2.15,77,,34.4
QBHA3,03/10/2004 11:30 MST,,73.99,24,5.99,180,13,788,2.15,82.99,,34.88
QBHA3,03/10/2004 12:30 MST,,73.99,22,8.99,160,14.99,822,2.15,84,,32.71
QBHA3,03/10/2004 13:30 MST,,77,21,4.99,160,17,790,2.15,86,,34.09
QBHA3,03/10/2004 14:30 MST,,80.01,20,5.99,140,13,694,2.15,86,,35.4
QBHA3,03/10/2004 15:30 MST,,82,19,4,150,14,541,2.15,84.99,,35.77
""
QBHA3,03/10/2004 17:30 MST,,82,19,1.01,180,8.99,71,2.15,78.01,,35.77
QBHA3,03/10/2004 18:30 MST,,72,29,0,280,7,0,2.15,66,,37.94
QBHA3,03/10/2004 19:30 MST,,66,34,0,70,4.99,0,2.15,63,,36.71
QBHA3,03/10/2004 20:30 MST,,62.01,42,0,120,4,0,2.15,59,,38.52
""
QBHA3,03/10/2004 22:30 MST,,64.99,38,1.01,160,0,0,2.15,59,,38.64
QBHA3,03/10/2004 23:30 MST,,66,34,2.01,210,5.99,0,2.15,61,,36.71
QBHA3,03/11/2004 00:30 MST,,63,40,0,130,7,0,2.15,57.99,,38.16
QBHA3,03/11/2004 01:30 MST,,63,37,1.01,150,4.99,0,2.15,60.01,,36.18
""
QBHA3,03/11/2004 03:30 MST,,69.01,28,8.01,80,8.01,0,2.15,64.99,,34.45
QBHA3,03/11/2004 04:30 MST,,59,45,0,290,12.01,0,2.15,55.99,,37.54
QBHA3,03/11/2004 05:30 MST,,57.99,50,1.01,100,10,0,2.15,53.01,,39.32
QBHA3,03/11/2004 06:30 MST,,57,50,0,80,4.99,0,2.15,55,,38.4
QBHA3,03/11/2004 07:30 MST,,59,47,0,80,4,43,2.15,57.99,,38.66
QBHA3,03/11/2004 08:30 MST,,64,47,0,140,5.99,200,2.15,63,,43.25
QBHA3,03/11/2004 09:30 MST,,72,32,0,130,4,455,2.15,73.99,,40.46
QBHA3,03/11/2004 10:30 MST,,71.01,30,8.99,140,4,299,2.15,71.01,,37.94
QBHA3,03/11/2004 11:30 MST,,72,28,15.99,130,18.01,742,2.15,78.01,,37.05
QBHA3,03/11/2004 12:30 MST,,66.99,33,22.01,140,28.01,295,2.15,71.01,,36.83
QBHA3,03/11/2004 13:30 MST,,64.99,45,17,130,32.99,270,2.15,64.99,,43.02
""
QBHA3,03/11/2004 15:30 MST,,71.01,37,17,130,28.01,597,2.15,73.99,,43.35
QBHA3,03/11/2004 16:30 MST,,66.99,41,17,140,27,139,2.15,66,,42.41
QBHA3,03/11/2004 17:30 MST,,64,45,15.99,140,32.99,44,2.15,62.01,,42.11
QBHA3,03/11/2004 18:30 MST,,63,46,13,130,25.99,2,2.15,60.01,,41.77
QBHA3,03/11/2004 19:30 MST,,59,51,15.99,140,24,0,2.15,57.99,,40.76
QBHA3,03/11/2004 20:30 MST,,55.99,63,18.01,120,24,0,2.15,57,,43.46
QBHA3,03/11/2004 21:30 MST,,57,63,18.01,120,28.99,0,2.15,55.99,,44.42
QBHA3,03/11/2004 22:30 MST,,55.99,65,20,120,34,0,2.15,55.99,,44.29
QBHA3,03/11/2004 23:30 MST,,55.99,65,14.99,120,34,0,2.15,54,,44.29
QBHA3,03/12/2004 00:30 MST,,55,68,12.01,130,27,0,2.15,54,,44.54
QBHA3,03/12/2004 01:30 MST,,54,73,7,130,22.01,0,2.15,53.01,,45.46
QBHA3,03/12/2004 02:30 MST,,54,76,8.01,140,15.99,0,2.15,52,,46.53
QBHA3,03/12/2004 03:30 MST,,54,72,8.01,130,15.99,0,2.15,52,,45.09
QBHA3,03/12/2004 04:30 MST,,54,65,8.01,140,14,0,2.15,52,,42.39
QBHA3,03/12/2004 05:30 MST,,52,72,7,130,14,0,2.15,50,,43.17
QBHA3,03/12/2004 06:30 MST,,51.01,69,7,140,13,0,2.15,52,,41.1
QBHA3,03/12/2004 07:30 MST,,54,64,8.99,130,14.99,59,2.15,54,,41.99
QBHA3,03/12/2004 08:30 MST,,55.99,60,10,130,15.99,234,2.15,57,,42.18
QBHA3,03/12/2004 09:30 MST,,57,55,12.01,130,15.99,737,2.15,64,,40.86
QBHA3,03/12/2004 10:30 MST,,59,52,11.01,140,18.01,215,2.15,66,,41.27
QBHA3,03/12/2004 11:30 MST,,63,45,12.01,140,21,607,2.15,71.01,,41.2
QBHA3,03/12/2004 12:30 MST,,64.99,44,12.01,150,20,927,2.15,75,,42.43
QBHA3,03/12/2004 13:30 MST,,64,44,11.01,150,23,487,2.15,75,,41.53
QBHA3,03/12/2004 14:30 MST,,66,42,8.01,140,21,538,2.15,73,,42.14
QBHA3,03/12/2004 15:30 MST,,66,40,10,140,20,248,2.15,72,,40.87
QBHA3,03/12/2004 16:30 MST,,66,39,7,130,18.99,355,2.15,69.01,,40.22
""
QBHA3,03/12/2004 18:30 MST,,62.01,43,5.99,130,12.01,1,2.15,60.01,,39.12
QBHA3,03/12/2004 19:30 MST,,57.99,51,4,140,11.01,0,2.15,55,,39.83
QBHA3,03/12/2004 20:30 MST,,57.99,52,3,140,5.99,0,2.15,57,,40.33
QBHA3,03/12/2004 21:30 MST,,60.01,48,4,130,4.99,0,2.15,59,,40.13
QBHA3,03/12/2004 22:30 MST,,59,50,3,140,7,0,2.15,57.99,,40.25
QBHA3,03/12/2004 23:30 MST,,57,55,4.99,100,10,0,2.15,57.99,,40.86
QBHA3,03/13/2004 00:30 MST,,57,60,4.99,120,12.01,0,2.15,55.99,,43.14
QBHA3,03/13/2004 01:30 MST,,53.01,74,0,340,10,0,2.15,53.01,,44.86
QBHA3,03/13/2004 02:30 MST,,51.01,81,0,280,3,0,2.15,46.99,,45.32
QBHA3,03/13/2004 03:30 MST,,46.99,88,0,150,0,0,2.15,46,,43.58
QBHA3,03/13/2004 04:30 MST,,50,88,0,280,0,0,2.15,48,,46.55
QBHA3,03/13/2004 05:30 MST,,51.01,94,0,240,3,0,2.15,48.99,,49.32
QBHA3,03/13/2004 06:30 MST,,50,99,0,130,3,4,2.15,48,,49.73
QBHA3,03/13/2004 07:30 MST,,53.01,78,4.99,130,8.01,69,2.15,52,,46.27
QBHA3,03/13/2004 08:30 MST,,53.01,81,0,210,11.01,30,2.15,53.01,,47.28
QBHA3,03/13/2004 09:30 MST,,54,87,1.01,160,5.99,113,2.15,53.01,,50.18
QBHA3,03/13/2004 10:30 MST,,55.99,81,3,320,4.99,155,2.15,57.99,,50.19
QBHA3,03/13/2004 11:30 MST,,60.01,63,1.01,270,5.99,346,2.15,64,,47.28
QBHA3,03/13/2004 12:30 MST,,62.01,56,1.01,220,7,401,2.15,69.01,,46.03
QBHA3,03/13/2004 13:30 MST,,63,54,4.99,190,8.99,370,2.15,66,,45.99
QBHA3,03/13/2004 14:30 MST,,66.99,48,3,180,8.99,663,2.15,73.99,,46.56
QBHA3,03/13/2004 15:30 MST,,60.01,52,12.01,350,10,51,2.31,57,,42.21
QBHA3,03/13/2004 16:30 MST,,55,79,8.99,320,24.99,50,2.45,53.01,,48.55
QBHA3,03/13/2004 17:30 MST,,55.99,71,5.99,320,13,23,2.46,54,,46.64
QBHA3,03/13/2004 18:30 MST,,55.99,69,2.01,180,12.01,0,2.46,53.01,,45.87
QBHA3,03/13/2004 19:30 MST,,53.01,85,0,170,7,0,2.46,52,,48.58
QBHA3,03/13/2004 20:30 MST,,54,84,1.01,150,4.99,0,2.46,48.99,,49.23
QBHA3,03/13/2004 21:30 MST,,52,82,0,320,4.99,0,2.46,48.99,,46.62
QBHA3,03/13/2004 22:30 MST,,50,90,0,110,4,0,2.46,46.99,,47.15
QBHA3,03/13/2004 23:30 MST,,50,83,0,180,0,0,2.46,48,,44.99
QBHA3,03/14/2004 00:30 MST,,50,85,0,220,3,0,2.46,46.99,,45.62
QBHA3,03/14/2004 01:30 MST,,50,77,1.01,140,0,0,2.46,48,,43
QBHA3,03/14/2004 02:30 MST,,48.99,86,0,100,5.99,0,2.46,44.01,,44.94
""
QBHA3,03/14/2004 04:30 MST,,45,99,0,120,3,0,2.46,41,,44.73
QBHA3,03/14/2004 05:30 MST,,46,97,1.01,140,0,0,2.46,42.01,,45.19
QBHA3,03/14/2004 06:30 MST,,45,99,0,140,4.99,2,2.46,41,,44.73
QBHA3,03/14/2004 07:30 MST,,51.01,88,0,200,0,162,2.46,50,,47.54
QBHA3,03/14/2004 08:30 MST,,55.99,73,3,170,7,369,2.46,57,,47.38
QBHA3,03/14/2004 09:30 MST,,57.99,73,8.01,130,8.01,569,2.46,61,,49.31
QBHA3,03/14/2004 10:30 MST,,63,59,8.01,140,13,702,2.46,70,,48.35
QBHA3,03/14/2004 11:30 MST,,66,46,5.99,170,14,799,2.46,75,,44.52
QBHA3,03/14/2004 12:30 MST,,70,40,11.01,140,14.99,831,2.46,77,,44.48
""
QBHA3,03/14/2004 14:30 MST,,73,35,7,110,18.01,705,2.46,79,,43.67
QBHA3,03/14/2004 15:30 MST,,75.99,30,4.99,150,14,558,2.46,80.01,,42.29
QBHA3,03/14/2004 16:30 MST,,77,24,1.01,130,13,370,2.46,79,,37.44
QBHA3,03/14/2004 17:30 MST,,75.99,22,1.01,210,8.99,25,2.46,72,,34.4
QBHA3,03/14/2004 18:30 MST,,66,40,0,160,5.99,2,2.46,59,,40.87
QBHA3,03/14/2004 19:30 MST,,59,51,0,90,0,0,2.46,55,,40.76
QBHA3,03/14/2004 20:30 MST,,60.01,45,0,290,0,0,2.46,55.99,,38.46
QBHA3,03/14/2004 21:30 MST,,57,60,1.01,120,4,0,2.46,51.01,,43.14
QBHA3,03/14/2004 22:30 MST,,55,59,0,140,4,0,2.46,48.99,,40.81
QBHA3,03/14/2004 23:30 MST,,54,65,0,120,3,0,2.46,48,,42.39
QBHA3,03/15/2004 00:30 MST,,50,71,0,120,2.01,0,2.46,48,,40.87
QBHA3,03/15/2004 01:30 MST,,50,69,0,120,3,0,2.46,46,,40.13
QBHA3,03/15/2004 02:30 MST,,51.01,67,0,140,0,0,2.46,45,,40.33
QBHA3,03/15/2004 03:30 MST,,50,67,2.01,150,3,0,2.46,46.99,,39.37
QBHA3,03/15/2004 04:30 MST,,46.99,74,0,130,4.99,0,2.46,42.01,,39.04
QBHA3,03/15/2004 05:30 MST,,46,80,0,110,0,0,2.46,39.99,,40.11
QBHA3,03/15/2004 06:30 MST,,46,83,0,90,0,3,2.46,41,,41.07
QBHA3,03/15/2004 07:30 MST,,53.01,70,0,110,0,169,2.46,53.01,,43.39
QBHA3,03/15/2004 08:30 MST,,61,45,3,170,0,377,2.46,64.99,,39.37
QBHA3,03/15/2004 09:30 MST,,68,41,1.01,240,4.99,560,2.46,73,,43.32
QBHA3,03/15/2004 10:30 MST,,68,43,2.01,310,7,716,2.46,79,,44.57
QBHA3,03/15/2004 11:30 MST,,70,37,8.99,300,8.99,809,2.46,80.01,,42.44
QBHA3,03/15/2004 12:30 MST,,72,26,8.01,310,14.99,585,2.46,82,,35.18
""
QBHA3,03/15/2004 14:30 MST,,75.99,20,13,290,20,714,2.46,84,,32.04
QBHA3,03/15/2004 15:30 MST,,77,18,12.01,310,24.99,561,2.46,81,,30.29
QBHA3,03/15/2004 16:30 MST,,78.01,18,12.01,290,22.01,379,2.46,78.01,,31.13
QBHA3,03/15/2004 17:30 MST,,77,18,12.01,300,20,41,2.46,75.99,,30.29
QBHA3,03/15/2004 18:30 MST,,71.01,23,4.99,320,21,5,2.46,69.01,,31.28
QBHA3,03/15/2004 19:30 MST,,64,33,0,280,18.01,0,2.46,57.99,,34.18
QBHA3,03/15/2004 20:30 MST,,66,27,4,340,7,0,2.46,61,,30.94
QBHA3,03/15/2004 21:30 MST,,66,27,4.99,340,11.01,0,2.46,62.01,,30.94
QBHA3,03/15/2004 22:30 MST,,62.01,34,0,260,10,0,2.46,55,,33.17
QBHA3,03/15/2004 23:30 MST,,57.99,42,0,120,7,0,2.46,50,,34.87
""
QBHA3,03/16/2004 01:30 MST,,48.99,46,0,150,4.99,0,2.46,43,,28.93
""
QBHA3,03/16/2004 03:30 MST,,46.99,46,0,100,3,0,2.46,42.01,,27.09
QBHA3,03/16/2004 04:30 MST,,46.99,44,0,120,4,0,2.46,41,,26.01
QBHA3,03/16/2004 05:30 MST,,44.01,46,0,120,3,0,2.46,37.99,,24.36
QBHA3,03/16/2004 06:30 MST,,46.99,43,1.01,150,4,4,2.46,39.99,,25.45
QBHA3,03/16/2004 07:30 MST,,52,43,0,250,4.99,122,2.46,54,,30.01
QBHA3,03/16/2004 08:30 MST,,61,34,4,140,5.99,163,2.46,63,,32.27
QBHA3,03/16/2004 09:30 MST,,64.99,29,2.01,170,8.01,181,2.46,73,,31.83
QBHA3,03/16/2004 10:30 MST,,69.01,27,3,170,5.99,736,2.46,78.01,,33.54
QBHA3,03/16/2004 11:30 MST,,73,22,1.01,140,5.99,845,2.46,84.99,,31.87
""
""
""
""
""
QBHA3,03/16/2004 17:30 MST,,78.01,13,4.99,290,20,28,2.46,77,,23.31
QBHA3,03/16/2004 18:30 MST,,72,17,0,320,14.99,3,2.46,62.01,,24.79
QBHA3,03/16/2004 19:30 MST,,66,23,0,50,7,0,2.46,61,,27.03
QBHA3,03/16/2004 20:30 MST,,60.01,33,0,220,4.99,0,2.46,53.01,,30.66
""
""
""
QBHA3,03/17/2004 00:30 MST,,61,29,0,260,8.01,0,2.46,53.01,,28.36
QBHA3,03/17/2004 01:30 MST,,57.99,34,0,30,4,0,2.46,50,,29.61
QBHA3,03/17/2004 02:30 MST,,52,41,0,130,5.99,0,2.46,45,,28.84
QBHA3,03/17/2004 03:30 MST,,50,50,0,100,4,0,2.46,42.01,,31.92
""
""
QBHA3,03/17/2004 06:30 MST,,46,57,0,120,4,4,2.46,39,,31.47
QBHA3,03/17/2004 07:30 MST,,55.99,44,0,150,3,38,2.46,57,,34.22
QBHA3,03/17/2004 08:30 MST,,66,31,3,160,0,51,2.46,68,,34.38
QBHA3,03/17/2004 09:30 MST,,69.01,29,2.01,170,5.99,59,2.46,75.99,,35.33
QBHA3,03/17/2004 10:30 MST,,72,26,1.01,150,7,741,2.46,81,,35.18
QBHA3,03/17/2004 11:30 MST,,73.99,21,2.01,290,7,838,2.46,88,,31.56
QBHA3,03/17/2004 12:30 MST,,78.01,20,4,270,7,865,2.46,89.01,,33.73
QBHA3,03/17/2004 13:30 MST,,80.01,17,4,280,11.01,830,2.46,91.99,,31.37
QBHA3,03/17/2004 14:30 MST,,79,15,8.01,300,14.99,732,2.46,87.01,,27.51
QBHA3,03/17/2004 15:30 MST,,81,12,8.01,300,17,581,2.46,86,,23.8
QBHA3,03/17/2004 16:30 MST,,81,13,8.99,320,17,382,2.46,82,,25.69
QBHA3,03/17/2004 17:30 MST,,79,14,11.01,300,17,31,2.46,75.99,,25.86
QBHA3,03/17/2004 18:30 MST,,71.01,17,0,300,17,4,2.46,64,,23.98
QBHA3,03/17/2004 19:30 MST,,64.99,24,0,50,11.01,0,2.46,55.99,,27.2
QBHA3,03/17/2004 20:30 MST,,66,23,2.01,350,0,0,2.46,59,,27.03
QBHA3,03/17/2004 21:30 MST,,64,21,4,360,8.01,0,2.46,59,,23.17
QBHA3,03/17/2004 22:30 MST,,66.99,19,5.99,360,8.01,0,2.46,62.01,,23.29
QBHA3,03/17/2004 23:30 MST,,60.01,24,0,270,10,0,2.46,52,,22.95
QBHA3,03/18/2004 00:30 MST,,59,24,0,250,4,0,2.46,48.99,,22.09
QBHA3,03/18/2004 01:30 MST,,57,26,0,240,4,0,2.46,46.99,,22.27
QBHA3,03/18/2004 02:30 MST,,53.01,28,0,190,3,0,2.46,45,,20.57
QBHA3,03/18/2004 03:30 MST,,51.01,36,0,190,0,0,2.46,42.01,,24.79
QBHA3,03/18/2004 04:30 MST,,48,38,0,120,3,0,2.46,42.01,,23.39
QBHA3,03/18/2004 05:30 MST,,48.99,39,0,120,3,0,2.46,39.99,,24.91
QBHA3,03/18/2004 06:30 MST,,46,41,3,150,3,4,2.46,42.01,,23.41
QBHA3,03/18/2004 07:30 MST,,55,34,3,150,4,38,2.46,57,,26.96
QBHA3,03/18/2004 08:30 MST,,62.01,26,5.99,130,7,54,2.46,66,,26.58
""
QBHA3,03/18/2004 10:30 MST,,69.01,24,4.99,170,7,746,1.64,80.01,,30.63
QBHA3,03/18/2004 11:30 MST,,75,19,4,170,10,856,1.64,86,,29.95
QBHA3,03/18/2004 12:30 MST,,78.01,16,3,170,8.99,884,1.64,90,,28.26
QBHA3,03/18/2004 13:30 MST,,82.99,9,1.01,70,7,874,2.46,95,,18.66
QBHA3,03/18/2004 14:30 MST,,84.99,9,0,240,7,602,2.46,91,,20.19
QBHA3,03/18/2004 15:30 MST,,84.99,9,3,240,7,550,2.46,89.01,,20.19
QBHA3,03/18/2004 16:30 MST,,80.01,11,4,280,8.01,216,2.46,82,,20.98
QBHA3,03/18/2004 17:30 MST,,81,12,4.99,300,11.01,79,2.46,77,,23.8
QBHA3,03/18/2004 18:30 MST,,72,18,0,310,10,3,2.46,66,,26.16
QBHA3,03/18/2004 19:30 MST,,66.99,23,0,270,4.99,0,2.46,60.01,,27.87
QBHA3,03/18/2004 20:30 MST,,66.99,20,0,270,4,0,2.46,60.01,,24.51
""
QBHA3,03/18/2004 22:30 MST,,63,23,0,240,4,0,2.46,54,,24.48
QBHA3,03/18/2004 23:30 MST,,57,29,0,160,4.99,0,2.46,50,,24.87
QBHA3,03/19/2004 00:30 MST,,55,29,0,140,3,0,2.46,46,,23.13
QBHA3,03/19/2004 01:30 MST,,53.01,33,0,120,2.01,0,2.46,48.99,,24.47
""
""
QBHA3,03/19/2004 04:30 MST,,50,38,0,130,3,0,2.46,45,,25.19
QBHA3,03/19/2004 05:30 MST,,50,41,0,130,4,0,2.46,43,,27.03
QBHA3,03/19/2004 06:30 MST,,46.99,46,0,130,3,7,2.46,41,,27.09
QBHA3,03/19/2004 07:30 MST,,54,43,0,140,3,38,2.46,54,,31.83
QBHA3,03/19/2004 08:30 MST,,64,24,4,120,4.99,68,2.46,68,,26.36
QBHA3,03/19/2004 09:30 MST,,69.01,22,4.99,170,10,129,2.46,75.99,,28.5
QBHA3,03/19/2004 10:30 MST,,72,20,4,180,8.01,755,2.46,80.01,,28.7
QBHA3,03/19/2004 11:30 MST,,79,17,1.01,190,7,891,2.46,91,,30.54
QBHA3,03/19/2004 12:30 MST,,82.99,16,1.01,190,4.99,826,2.46,93,,32.32
QBHA3,03/19/2004 13:30 MST,,84,10,4,180,5.99,785,2.46,96.01,,21.87
QBHA3,03/19/2004 14:30 MST,,84,12,4,260,7,774,2.46,93,,26.17
""
QBHA3,03/19/2004 16:30 MST,,86,12,3,290,10,417,2.46,87.01,,27.75
QBHA3,03/19/2004 17:30 MST,,82,12,4.99,310,12.01,28,2.46,81,,24.59
QBHA3,03/19/2004 18:30 MST,,75,14,0,270,10,6,2.46,64,,22.64
QBHA3,03/19/2004 19:30 MST,,66.99,19,0,90,4.99,0,2.46,61,,23.29
QBHA3,03/19/2004 20:30 MST,,64.99,18,0,70,4,0,2.46,60.01,,20.37
QBHA3,03/19/2004 21:30 MST,,62.01,24,0,120,4,0,2.46,52,,24.66
QBHA3,03/19/2004 22:30 MST,,59,27,0,170,0,0,2.46,51.01,,24.89
QBHA3,03/19/2004 23:30 MST,,57,30,0,110,4,0,2.46,48,,25.69
QBHA3,03/20/2004 00:30 MST,,55.99,29,1.01,140,3,0,2.46,46,,23.99
QBHA3,03/20/2004 01:30 MST,,55.99,31,1.01,130,4,0,2.46,48,,25.59
QBHA3,03/20/2004 02:30 MST,,53.01,34,0,90,4.99,0,2.46,46,,25.19
QBHA3,03/20/2004 03:30 MST,,50,36,0,180,4,0,2.46,43,,23.89
QBHA3,03/20/2004 04:30 MST,,51.01,38,0,100,3,0,2.46,44.01,,26.09
QBHA3,03/20/2004 05:30 MST,,51.01,37,0,100,4,0,2.46,43,,25.45
QBHA3,03/20/2004 06:30 MST,,48.99,37,0,100,4.99,5,2.46,43,,23.64
QBHA3,03/20/2004 07:30 MST,,60.01,31,2.01,140,5.99,53,2.46,60.01,,29.12
""
QBHA3,03/20/2004 09:30 MST,,68,23,2.01,150,8.99,283,2.46,73,,28.73
QBHA3,03/20/2004 10:30 MST,,73,20,4,180,8.01,749,2.46,82,,29.54
""
QBHA3,03/20/2004 12:30 MST,,81,17,1.01,170,7,711,2.46,90,,32.18
QBHA3,03/20/2004 13:30 MST,,81,17,2.01,200,8.01,471,2.46,84,,32.18
QBHA3,03/20/2004 14:30 MST,,86,13,4,140,7,848,2.46,96.01,,29.68
QBHA3,03/20/2004 15:30 MST,,90,10,4,170,10,631,2.46,95,,26.52
QBHA3,03/20/2004 16:30 MST,,87.01,10,4,150,12.01,245,2.46,84.99,,24.21
QBHA3,03/20/2004 17:30 MST,,84,14,2.01,270,10,69,2.46,79,,29.88
QBHA3,03/20/2004 18:30 MST,,75.99,19,0,300,4.99,3,2.46,68,,30.78
QBHA3,03/20/2004 19:30 MST,,68,24,0,120,4.99,0,2.46,59,,29.77
QBHA3,03/20/2004 20:30 MST,,66,22,0,110,0,0,2.46,57,,25.96
""
QBHA3,03/20/2004 22:30 MST,,60.01,28,0,130,2.01,0,2.46,54,,26.64
QBHA3,03/20/2004 23:30 MST,,57.99,30,0,140,3,0,2.46,51.01,,26.55
QBHA3,03/21/2004 00:30 MST,,62.01,27,4,140,2.01,0,2.46,54,,27.5
QBHA3,03/21/2004 01:30 MST,,59,27,2.01,130,8.01,0,2.46,53.01,,24.89
QBHA3,03/21/2004 02:30 MST,,64,23,7,130,4.99,0,2.46,60.01,,25.33
""
QBHA3,03/21/2004 04:30 MST,,70,23,14.99,130,23,0,2.46,68,,30.43
QBHA3,03/21/2004 05:30 MST,,70,27,20,130,27,0,2.46,70,,34.4
""
QBHA3,03/21/2004 07:30 MST,,66,36,14.99,120,24.99,81,2.46,66.99,,38.16
QBHA3,03/21/2004 08:30 MST,,69.01,35,14,120,24,208,2.46,70,,40.12
""
QBHA3,03/21/2004 10:30 MST,,73,29,21,130,31.99,603,2.46,79,,38.81
QBHA3,03/21/2004 11:30 MST,,75.99,28,22.01,120,34.99,628,2.46,81,,40.51
QBHA3,03/21/2004 12:30 MST,,75.99,27,21,130,38.99,646,2.46,81,,39.58
QBHA3,03/21/2004 13:30 MST,,79,25,18.99,140,34,572,2.46,82,,40.19
QBHA3,03/21/2004 14:30 MST,,79,24,20,140,30,512,2.46,82.99,,39.15
QBHA3,03/21/2004 15:30 MST,,77,24,18.01,140,32.99,315,2.46,79,,37.44
QBHA3,03/21/2004 16:30 MST,,78.01,24,15.99,140,28.99,156,2.46,78.01,,38.31
QBHA3,03/21/2004 17:30 MST,,75.99,27,15.99,140,28.01,81,2.46,75.99,,39.58
QBHA3,03/21/2004 18:30 MST,,73.99,29,14,140,28.01,4,2.46,71.01,,39.67
QBHA3,03/21/2004 19:30 MST,,71.01,30,18.01,130,24.99,0,2.46,71.01,,37.94
QBHA3,03/21/2004 20:30 MST,,71.01,31,15.99,120,28.01,0,2.46,70,,38.77
QBHA3,03/21/2004 21:30 MST,,69.01,34,12.01,140,28.01,0,2.46,66.99,,39.38
QBHA3,03/21/2004 22:30 MST,,66.99,38,14,120,21,0,2.46,64,,40.44
QBHA3,03/21/2004 23:30 MST,,64,41,13,120,21,0,2.46,62.01,,39.7
QBHA3,03/22/2004 00:30 MST,,64.99,37,12.01,130,18.99,0,2.46,63,,37.96
QBHA3,03/22/2004 01:30 MST,,64,41,8.01,130,18.01,0,2.46,60.01,,39.7
QBHA3,03/22/2004 02:30 MST,,62.01,42,12.01,130,14,0,2.46,60.01,,38.52
QBHA3,03/22/2004 03:30 MST,,61,45,13,120,22.01,0,2.46,61,,39.37
QBHA3,03/22/2004 04:30 MST,,61,47,10,120,20,0,2.46,57.99,,40.49
""
QBHA3,03/22/2004 06:30 MST,,59,48,12.01,130,18.99,10,2.46,59,,39.2
QBHA3,03/22/2004 07:30 MST,,63,46,10,130,18.99,200,2.46,63,,41.77
QBHA3,03/22/2004 08:30 MST,,64.99,45,13,140,20,421,2.46,68,,43.02
""
""
QBHA3,03/22/2004 11:30 MST,,68,43,14,130,24.99,650,2.46,72,,44.57
QBHA3,03/22/2004 12:30 MST,,71.01,38,14.99,130,31,757,2.46,77,,44.04
QBHA3,03/22/2004 13:30 MST,,73.99,36,17,130,27,899,2.46,82,,45.29
QBHA3,03/22/2004 14:30 MST,,73,36,14.99,130,28.99,748,2.46,81,,44.41
QBHA3,03/22/2004 15:30 MST,,73.99,36,17,130,31.99,569,2.46,79,,45.29
QBHA3,03/22/2004 16:30 MST,,73,36,14,140,28.01,381,2.46,78.01,,44.41
QBHA3,03/22/2004 17:30 MST,,73,37,14,130,27,171,2.46,73.99,,45.13
QBHA3,03/22/2004 18:30 MST,,69.01,40,11.01,130,23,5,2.46,69.01,,43.59
""
QBHA3,03/22/2004 20:30 MST,,66,43,8.99,130,17,0,2.46,64,,42.75
QBHA3,03/22/2004 21:30 MST,,66,42,7,110,14.99,0,2.46,64.99,,42.14
QBHA3,03/22/2004 22:30 MST,,64.99,42,4.99,120,13,0,2.46,62.01,,41.22
QBHA3,03/22/2004 23:30 MST,,63,48,4,130,12.01,0,2.46,60.01,,42.88
QBHA3,03/23/2004 00:30 MST,,60.01,52,4.99,130,10,0,2.46,59,,42.21
""
""
""
""
""
""
QBHA3,03/23/2004 07:30 MST,,60.01,59,5.99,120,8.01,128,2.46,60.01,,45.53
QBHA3,03/23/2004 08:30 MST,,62.01,57,4.99,120,12.01,293,2.46,64,,46.5
""
""
""
""
""
QBHA3,03/23/2004 14:30 MST,,80.01,29,3,290,8.01,407,2.46,89.01,,44.91
QBHA3,03/23/2004 15:30 MST,,79,32,7,300,15.99,240,2.46,80.01,,46.62
QBHA3,03/23/2004 16:30 MST,,78.01,31,5.99,330,14,296,2.46,82.99,,44.92
""
QBHA3,03/23/2004 18:30 MST,,75,30,7,320,11.01,5,2.46,73.99,,41.43
QBHA3,03/23/2004 19:30 MST,,73,31,4,340,12.01,0,2.46,70,,40.52
QBHA3,03/23/2004 20:30 MST,,70,32,4.99,360,10,0,2.46,68,,38.7
""
QBHA3,03/23/2004 22:30 MST,,66.99,33,0,330,8.01,0,2.46,60.01,,36.83
QBHA3,03/23/2004 23:30 MST,,63,39,0,150,4,0,2.46,57,,37.52
QBHA3,03/24/2004 00:30 MST,,59,44,0,90,4.99,0,2.46,52,,36.97
QBHA3,03/24/2004 01:30 MST,,57,50,0,130,3,0,2.46,52,,38.4
QBHA3,03/24/2004 02:30 MST,,55.99,50,0,140,3,0,2.46,52,,37.47
QBHA3,03/24/2004 03:30 MST,,57,48,3,150,4,0,2.46,52,,37.35
QBHA3,03/24/2004 04:30 MST,,55,53,0,170,5.99,0,2.46,48,,38.04
""
QBHA3,03/24/2004 06:30 MST,,51.01,58,0,120,3,11,2.46,46.99,,36.61
QBHA3,03/24/2004 07:30 MST,,61,47,2.01,130,2.01,185,2.46,62.01,,40.49
QBHA3,03/24/2004 08:30 MST,,69.01,38,4,170,5.99,263,2.46,72,,42.25
QBHA3,03/24/2004 09:30 MST,,72,34,3,320,7,400,2.46,81,,42.03
QBHA3,03/24/2004 10:30 MST,,75.99,28,3,160,7,655,2.46,86,,40.51
QBHA3,03/24/2004 11:30 MST,,81,22,1.01,190,10,768,2.46,93,,38.63
QBHA3,03/24/2004 12:30 MST,,82,20,3,360,8.01,848,2.46,95,,37.06
QBHA3,03/24/2004 13:30 MST,,82.99,20,4,170,11.01,783,2.46,93,,37.89
""
QBHA3,03/24/2004 15:30 MST,,86,19,1.01,320,11.01,576,2.46,91.99,,39.1
QBHA3,03/24/2004 16:30 MST,,84,19,4.99,290,8.99,415,2.46,87.01,,37.43
QBHA3,03/24/2004 17:30 MST,,81,19,8.01,300,11.01,70,2.46,80.01,,34.94
QBHA3,03/24/2004 18:30 MST,,75.99,22,2.01,310,14.99,4,2.46,72,,34.4
QBHA3,03/24/2004 19:30 MST,,71.01,24,0,80,8.99,0,2.46,66,,32.34
QBHA3,03/24/2004 20:30 MST,,68,25,0,110,0,0,2.46,62.01,,30.77
""
QBHA3,03/24/2004 22:30 MST,,68,23,0,260,4,0,2.46,62.01,,28.73
QBHA3,03/24/2004 23:30 MST,,64,27,0,250,4,0,2.46,57.99,,29.22
QBHA3,03/25/2004 00:30 MST,,63,30,0,210,4,0,2.46,55,,30.93
QBHA3,03/25/2004 01:30 MST,,64,29,0,250,3,0,2.46,57.99,,30.97
QBHA3,03/25/2004 02:30 MST,,62.01,33,0,130,4,0,2.46,57,,32.43
QBHA3,03/25/2004 03:30 MST,,57.99,38,0,130,3,0,2.46,54,,32.36
QBHA3,03/25/2004 04:30 MST,,66.99,27,5.99,10,4.99,0,2.46,64,,31.8
QBHA3,03/25/2004 05:30 MST,,64,30,0,300,11.01,0,2.46,60.01,,31.81
QBHA3,03/25/2004 06:30 MST,,61,32,0,280,3,6,2.46,59,,30.77
QBHA3,03/25/2004 07:30 MST,,61,34,4,130,5.99,75,2.46,62.01,,32.27
QBHA3,03/25/2004 08:30 MST,,66,29,4,140,5.99,201,2.46,66.99,,32.71
QBHA3,03/25/2004 09:30 MST,,72,25,4.99,170,8.99,450,2.46,82,,34.2
QBHA3,03/25/2004 10:30 MST,,77,22,4,170,8.01,550,2.46,84,,35.25
QBHA3,03/25/2004 11:30 MST,,80.01,21,,,8.01,923,2.46,87.01,,36.62
QBHA3,03/25/2004 12:30 MST,,79,19,4,160,8.01,469,2.46,82,,33.28
QBHA3,03/25/2004 13:30 MST,,84,17,5.99,180,10,903,2.46,96.01,,34.65
QBHA3,03/25/2004 14:30 MST,,82.99,17,7,310,14,767,2.46,93,,33.82
QBHA3,03/25/2004 15:30 MST,,84,16,4.99,220,13,583,2.46,93,,33.15
QBHA3,03/25/2004 16:30 MST,,82,16,4,350,17,393,2.46,86,,31.51
QBHA3,03/25/2004 17:30 MST,,80.01,13,7,310,17,104,2.46,81,,24.9
QBHA3,03/25/2004 18:30 MST,,75.99,12,2.01,300,13,7,2.46,72,,19.84
QBHA3,03/25/2004 19:30 MST,,71.01,18,4.99,330,8.01,0,2.46,66,,25.34
QBHA3,03/25/2004 20:30 MST,,71.01,20,4.99,350,10,0,2.46,66,,27.87
QBHA3,03/25/2004 21:30 MST,,69.01,21,4.99,350,8.99,0,2.46,64.99,,27.38
QBHA3,03/25/2004 22:30 MST,,66.99,21,4,340,13,0,2.46,62.01,,25.68
QBHA3,03/25/2004 23:30 MST,,63,24,1.01,280,10,0,2.46,55,,25.5
QBHA3,03/26/2004 00:30 MST,,61,25,0,210,4,0,2.46,53.01,,24.77
QBHA3,03/26/2004 01:30 MST,,55,28,0,300,4.99,0,2.46,48,,22.3
QBHA3,03/26/2004 02:30 MST,,55,32,0,120,0,0,2.46,48,,25.49
QBHA3,03/26/2004 03:30 MST,,55,29,0,170,0,0,2.46,44.01,,23.13
QBHA3,03/26/2004 04:30 MST,,54,30,4,150,4.99,0,2.46,50,,23.07
""
QBHA3,03/26/2004 06:30 MST,,52,36,1.01,150,7,11,2.46,46,,25.67
QBHA3,03/26/2004 07:30 MST,,59,31,0,30,4,214,2.46,61,,28.24
QBHA3,03/26/2004 08:30 MST,,66.99,24,4,150,7,124,2.46,72,,28.91
""
QBHA3,03/26/2004 10:30 MST,,75.99,18,3,220,8.01,766,2.46,87.01,,29.46
QBHA3,03/26/2004 11:30 MST,,75.99,18,3,300,8.99,853,2.46,91.99,,29.46
QBHA3,03/26/2004 12:30 MST,,80.01,16,4.99,290,12.01,875,2.46,93,,29.89
QBHA3,03/26/2004 13:30 MST,,80.01,15,4,270,17,833,2.46,93,,28.33
QBHA3,03/26/2004 14:30 MST,,81,15,8.01,220,17,614,2.46,91.99,,29.13
QBHA3,03/26/2004 15:30 MST,,82,10,12.01,260,23,608,2.46,88,,20.32
QBHA3,03/26/2004 16:30 MST,,77,14,13,290,24.99,454,2.46,79,,24.25
""
QBHA3,03/26/2004 18:30 MST,,72,16,14,310,30,8,2.46,70,,23.36
QBHA3,03/26/2004 19:30 MST,,69.01,15,14,300,25.99,0,2.46,64.99,,19.42
QBHA3,03/26/2004 20:30 MST,,66,17,4,310,21,0,2.46,60.01,,19.87
""
""
QBHA3,03/26/2004 23:30 MST,,57,25,0,220,13,0,2.46,48,,21.34
QBHA3,03/27/2004 00:30 MST,,53.01,28,0,180,8.01,0,2.46,46.99,,20.57
QBHA3,03/27/2004 01:30 MST,,48.99,35,0,180,4,0,2.46,45,,22.32
QBHA3,03/27/2004 02:30 MST,,50,34,0,150,4,0,2.46,44.01,,22.52
QBHA3,03/27/2004 03:30 MST,,51.01,32,0,220,4,0,2.46,45,,21.98
QBHA3,03/27/2004 04:30 MST,,48.99,41,0,230,3,0,2.46,42.01,,26.12
QBHA3,03/27/2004 05:30 MST,,46.99,45,0,160,0,0,2.46,41,,26.56
QBHA3,03/27/2004 06:30 MST,,51.01,40,0,260,3,17,2.46,43,,27.34
""
QBHA3,03/27/2004 08:30 MST,,62.01,30,4.99,300,7,184,2.46,66.99,,30.07
QBHA3,03/27/2004 09:30 MST,,66,28,4.99,280,8.01,305,2.46,75.99,,31.84
QBHA3,03/27/2004 10:30 MST,,66.99,22,8.99,310,14,769,2.46,78.01,,26.8
QBHA3,03/27/2004 11:30 MST,,70,18,8.99,300,15.99,858,2.46,82.99,,24.51
QBHA3,03/27/2004 12:30 MST,,73,16,10,300,15.99,903,2.46,84.99,,24.17
QBHA3,03/27/2004 13:30 MST,,75,16,14,310,20,851,2.46,82.99,,25.8
""
QBHA3,03/27/2004 15:30 MST,,78.01,14,10,310,22.01,598,2.46,84.99,,25.06
QBHA3,03/27/2004 16:30 MST,,77,14,14.99,300,24,397,2.46,80.01,,24.25
QBHA3,03/27/2004 17:30 MST,,73.99,14,13,300,23,173,2.46,75.99,,21.83
QBHA3,03/27/2004 18:30 MST,,72,15,11.01,300,22.01,9,2.46,69.01,,21.84
""
""
QBHA3,03/27/2004 21:30 MST,,62.01,21,3,340,8.01,0,2.46,55,,21.49
QBHA3,03/27/2004 22:30 MST,,61,23,4,340,8.01,0,2.46,55.99,,22.79
QBHA3,03/27/2004 23:30 MST,,59,23,1.01,320,14,0,2.46,52,,21.09
QBHA3,03/28/2004 00:30 MST,,53.01,29,0,100,4,0,2.46,46.99,,21.4
QBHA3,03/28/2004 01:30 MST,,50,33,0,130,4,0,2.46,43,,21.81
QBHA3,03/28/2004 02:30 MST,,51.01,33,0,220,0,0,2.46,42.01,,22.71
QBHA3,03/28/2004 03:30 MST,,53.01,27,0,280,3,0,2.46,44.01,,19.72
QBHA3,03/28/2004 04:30 MST,,51.01,25,0,270,3,0,2.46,43,,16.21
QBHA3,03/28/2004 05:30 MST,,52,24,0,270,3,0,2.46,45,,16.12
QBHA3,03/28/2004 06:30 MST,,52,22,0,270,5.99,15,2.46,46,,14.13
QBHA3,03/28/2004 07:30 MST,,59,19,4.99,330,8.01,229,2.46,59,,16.65
QBHA3,03/28/2004 08:30 MST,,64,16,4.99,310,10,226,2.46,66.99,,16.83
QBHA3,03/28/2004 09:30 MST,,64.99,20,4.99,120,8.99,466,2.46,73.99,,22.84
QBHA3,03/28/2004 10:30 MST,,70,14,7,150,12.01,790,2.46,80.01,,18.62
QBHA3,03/28/2004 11:30 MST,,73.99,13,4.99,160,13,882,2.46,84.99,,20.1
QBHA3,03/28/2004 12:30 MST,,77,11,4.99,200,13,905,2.46,91,,18.63
QBHA3,03/28/2004 13:30 MST,,80.01,9,4.99,170,13,872,2.46,91,,16.38
QBHA3,03/28/2004 14:30 MST,,80.01,8,4,180,13,772,2.46,91,,13.73
QBHA3,03/28/2004 15:30 MST,,82,8,4,220,11.01,611,2.46,87.01,,15.24
QBHA3,03/28/2004 16:30 MST,,82,7,3,280,11.01,412,2.46,84.99,,12.26
QBHA3,03/28/2004 17:30 MST,,81,7,2.01,300,10,189,2.46,77,,11.51
QBHA3,03/28/2004 18:30 MST,,75,8,2.01,290,7,8,2.46,66.99,,9.94
QBHA3,03/28/2004 19:30 MST,,66,13,0,80,4.99,0,2.46,55.99,,13.73
""
QBHA3,03/28/2004 21:30 MST,,59,15,0,90,2.01,0,2.46,52,,11.31
QBHA3,03/28/2004 22:30 MST,,59,14,0,200,8.01,0,2.46,52,,9.78
QBHA3,03/28/2004 23:30 MST,,60.01,13,2.01,270,10,0,2.46,51.01,,8.95
QBHA3,03/29/2004 00:30 MST,,57,14,1.01,20,4.99,0,2.46,48.99,,8.17
QBHA3,03/29/2004 01:30 MST,,52,16,0,160,7,0,2.46,43,,7.04
QBHA3,03/29/2004 02:30 MST,,53.01,14,0,10,11.01,0,2.46,46,,4.96
QBHA3,03/29/2004 03:30 MST,,50,16,0,310,4,0,2.46,45,,5.41
QBHA3,03/29/2004 04:30 MST,,50,16,0,120,5.99,0,2.46,43,,5.41
QBHA3,03/29/2004 05:30 MST,,48,22,0,120,4,0,2.46,41,,10.75
QBHA3,03/29/2004 06:30 MST,,46,24,0,160,4.99,17,2.46,39.99,,11
QBHA3,03/29/2004 07:30 MST,,61,11,15.99,130,24.99,240,2.46,61,,6.1
QBHA3,03/29/2004 08:30 MST,,63,10,14.99,130,24,326,2.46,66,,5.6
""
QBHA3,03/29/2004 10:30 MST,,71.01,7,14,140,25.99,801,2.46,79,,4.07
""
QBHA3,03/29/2004 12:30 MST,,75.99,6,14.99,130,27,914,2.46,84.99,,4.48
QBHA3,03/29/2004 13:30 MST,,78.01,5,14.99,140,27,875,2.46,88,,2.11
QBHA3,03/29/2004 14:30 MST,,82,6,13,150,25.99,773,2.46,88,,8.89
QBHA3,03/29/2004 15:30 MST,,82.99,5,8.99,150,21,609,2.46,87.01,,5.69
QBHA3,03/29/2004 16:30 MST,,82.99,5,8.99,150,18.99,416,2.46,84,,5.69
QBHA3,03/29/2004 17:30 MST,,81,6,10,160,22.01,192,2.46,80.01,,8.15
QBHA3,03/29/2004 18:30 MST,,75,7,5.99,140,21,9,2.46,72,,7.04
QBHA3,03/29/2004 19:30 MST,,70,9,4.99,130,14,0,2.46,62.01,,8.71
QBHA3,03/29/2004 20:30 MST,,69.01,8,4.99,140,7,0,2.46,61,,5.41
QBHA3,03/29/2004 21:30 MST,,70,8,4.99,120,10,0,2.46,64.99,,6.16
QBHA3,03/29/2004 22:30 MST,,68,8,5.99,120,8.99,0,2.46,64.99,,4.65
QBHA3,03/29/2004 23:30 MST,,66.99,9,5.99,140,10,0,2.46,60.01,,6.41
QBHA3,03/30/2004 00:30 MST,,63,10,5.99,130,8.01,0,2.46,60.01,,5.6
QBHA3,03/30/2004 01:30 MST,,64,9,11.01,130,14.99,0,2.46,61,,4.12
""
QBHA3,03/30/2004 03:30 MST,,66,14,18.01,120,24,0,2.46,64,,15.41
QBHA3,03/30/2004 04:30 MST,,64.99,15,14,120,31,0,2.46,64,,16.16
QBHA3,03/30/2004 05:30 MST,,64.99,16,5.99,120,27,0,2.46,62.01,,17.64
QBHA3,03/30/2004 06:30 MST,,62.01,17,7,150,12.01,17,2.46,60.01,,16.59
QBHA3,03/30/2004 07:30 MST,,63,16,10,130,17,229,2.46,64.99,,16.01
QBHA3,03/30/2004 08:30 MST,,69.01,16,8.99,140,18.99,378,2.46,71.01,,20.92
QBHA3,03/30/2004 09:30 MST,,73,17,13,150,20,630,2.46,78.01,,25.61
QBHA3,03/30/2004 10:30 MST,,73.99,18,17,130,24,775,2.46,82.99,,27.8
QBHA3,03/30/2004 11:30 MST,,75.99,17,18.99,130,28.99,865,2.46,84,,28.07
QBHA3,03/30/2004 12:30 MST,,78.01,16,18.01,130,30,889,2.46,88,,28.26
QBHA3,03/30/2004 13:30 MST,,81,14,13,130,30,853,2.46,89.01,,27.46
QBHA3,03/30/2004 14:30 MST,,82.99,13,13,110,24.99,755,2.46,89.01,,27.28
QBHA3,03/30/2004 15:30 MST,,82.99,12,11.01,170,24,599,2.46,89.01,,25.37
QBHA3,03/30/2004 16:30 MST,,84,11,8.99,180,21,408,2.46,87.01,,24.11
QBHA3,03/30/2004 17:30 MST,,82.99,9,2.01,80,14,188,2.46,80.01,,18.66
QBHA3,03/30/2004 18:30 MST,,75,12,3,140,11.01,9,2.46,71.01,,19.05
QBHA3,03/30/2004 19:30 MST,,70,15,4,140,8.01,0,2.46,64.99,,20.22
QBHA3,03/30/2004 20:30 MST,,71.01,13,4,110,8.99,0,2.46,66.99,,17.73
QBHA3,03/30/2004 21:30 MST,,73,14,4.99,130,10,0,2.46,69.01,,21.03
QBHA3,03/30/2004 22:30 MST,,70,15,10,130,12.01,0,2.46,66,,20.22
QBHA3,03/30/2004 23:30 MST,,72,14,8.99,120,14.99,0,2.46,69.01,,20.23
QBHA3,03/31/2004 00:30 MST,,68,16,8.99,130,17,0,2.46,64,,20.09
QBHA3,03/31/2004 01:30 MST,,68,15,10,120,18.99,0,2.46,66.99,,18.6
QBHA3,03/31/2004 02:30 MST,,68,17,5.99,120,14.99,0,2.46,64,,21.51
QBHA3,03/31/2004 03:30 MST,,64.99,17,5.99,130,11.01,0,2.46,64,,19.04
QBHA3,03/31/2004 04:30 MST,,60.01,25,0,330,10,0,2.46,54,,23.92
QBHA3,03/31/2004 05:30 MST,,55.99,28,0,30,4,0,2.46,51.01,,23.16
QBHA3,03/31/2004 06:30 MST,,54,30,0,110,4.99,17,2.46,48,,23.07
QBHA3,03/31/2004 07:30 MST,,61,24,0,100,5.99,232,2.46,63,,23.8
QBHA3,03/31/2004 08:30 MST,,66,18,4,160,7,140,2.46,68,,21.2
QBHA3,03/31/2004 09:30 MST,,73.99,16,5.99,140,11.01,626,2.46,81,,24.98
QBHA3,03/31/2004 10:30 MST,,77,17,8.01,150,13,767,2.46,87.01,,28.9
QBHA3,03/31/2004 11:30 MST,,81,18,8.01,170,14.99,850,2.46,93,,33.6
QBHA3,03/31/2004 12:30 MST,,82.99,16,4,160,13,887,2.46,98.01,,32.32
QBHA3,03/31/2004 13:30 MST,,87.01,15,2.01,50,13,743,2.46,98.01,,34
QBHA3,03/31/2004 14:30 MST,,86,15,2.01,110,12.01,763,2.46,98.01,,33.18
QBHA3,03/31/2004 15:30 MST,,88,14,5.99,200,14,645,2.46,93.99,,33.09
QBHA3,03/31/2004 16:30 MST,,86,14,1.01,120,12.01,467,2.46,91,,31.48
QBHA3,03/31/2004 17:30 MST,,81,16,8.01,190,14,61,2.46,81,,30.7
QBHA3,03/31/2004 18:30 MST,,69.01,31,7,40,28.01,3,2.46,69.01,,37.02
QBHA3,03/31/2004 19:30 MST,,68,34,4,250,22.01,0,2.46,66.99,,38.48
QBHA3,03/31/2004 20:30 MST,,71.01,30,4.99,,18.99,0,2.46,70,,37.94
QBHA3,03/31/2004 21:30 MST,,68,33,8.99,320,15.99,0,2.46,66.99,,37.72
QBHA3,03/31/2004 22:30 MST,,69.01,29,7,20,14,0,2.46,68,,35.33
QBHA3,03/31/2004 23:30 MST,,68,33,1.01,180,14,0,2.46,64.99,,37.72
